{
  "initial_capital_tl": 10000.0,
  "horizon_trading_days": 252,
  "mc_paths": 50000,
  "source_daily_file": "current_bot_equity_curve.csv",
  "note": "Operational MC applies GitHub scheduling, missed-entry, delayed-close, and extra execution-cost haircuts to the fixed strategy daily return distribution.",
  "scenarios": {
    "ideal_local_or_vps_exact_windows": {
      "entry_capture_prob": 1.0,
      "close_capture_prob": 1.0,
      "extra_cost_bps": 0.0,
      "delayed_close_penalty_bps": 0.0,
      "missed_close_tail_prob": 0.0,
      "missed_close_tail_loss_pct": 0.0,
      "final_equity_tl": {
        "p1": 25551.014512537018,
        "p5": 36521.93895775237,
        "p25": 60828.752907664806,
        "p50": 87457.40528863981,
        "p75": 125575.71567338682,
        "p95": 215920.0321572174,
        "p99": 320043.4791562616
      },
      "return_pct": {
        "p1": 155.5101451253702,
        "p5": 265.21938957752366,
        "p25": 508.28752907664807,
        "p50": 774.5740528863981,
        "p75": 1155.7571567338682,
        "p95": 2059.2003215721743,
        "p99": 3100.4347915626163
      },
      "max_drawdown_pct": {
        "p1": -36.326404495692536,
        "p5": -29.588904243129267,
        "p25": -22.145972942690477,
        "p50": -18.213708716405293,
        "p75": -15.19457563875456,
        "p95": -11.822719006390251,
        "p99": -10.107147377982185
      },
      "loss_probability_pct": 0.002,
      "prob_final_above_50k_pct": 84.99600000000001,
      "prob_final_above_100k_pct": 39.952,
      "active_trade_days": {
        "p1": 252.0,
        "p5": 252.0,
        "p25": 252.0,
        "p50": 252.0,
        "p75": 252.0,
        "p95": 252.0,
        "p99": 252.0
      }
    },
    "github_frequent_checks_base": {
      "entry_capture_prob": 0.9,
      "close_capture_prob": 0.95,
      "extra_cost_bps": 4.0,
      "delayed_close_penalty_bps": 12.0,
      "missed_close_tail_prob": 0.01,
      "missed_close_tail_loss_pct": 1.5,
      "final_equity_tl": {
        "p1": 19782.10184557457,
        "p5": 27583.781464528187,
        "p25": 44752.30732959408,
        "p50": 62835.30262318291,
        "p75": 88988.80803923555,
        "p95": 148849.37024572527,
        "p99": 214479.16116428754
      },
      "return_pct": {
        "p1": 97.82101845574569,
        "p5": 175.83781464528187,
        "p25": 347.5230732959408,
        "p50": 528.3530262318292,
        "p75": 789.8880803923555,
        "p95": 1388.4937024572525,
        "p99": 2044.7916116428753
      },
      "max_drawdown_pct": {
        "p1": -37.07486050727486,
        "p5": -30.2027427808393,
        "p25": -22.484964904836325,
        "p50": -18.411492256198763,
        "p75": -15.208331590062436,
        "p95": -11.803214360879076,
        "p99": -9.965499238553635
      },
      "loss_probability_pct": 0.012,
      "prob_final_above_50k_pct": 67.54,
      "prob_final_above_100k_pct": 18.494,
      "active_trade_days": {
        "p1": 215.0,
        "p5": 219.0,
        "p25": 224.0,
        "p50": 227.0,
        "p75": 230.0,
        "p95": 234.0,
        "p99": 237.0
      }
    },
    "github_looped_auto_window_base": {
      "entry_capture_prob": 0.97,
      "close_capture_prob": 0.985,
      "extra_cost_bps": 3.0,
      "delayed_close_penalty_bps": 6.0,
      "missed_close_tail_prob": 0.004,
      "missed_close_tail_loss_pct": 1.0,
      "final_equity_tl": {
        "p1": 22299.443262963083,
        "p5": 32129.03333027873,
        "p25": 53105.0885364299,
        "p50": 75815.82780415201,
        "p75": 108202.63110651828,
        "p95": 183252.27158633698,
        "p99": 264974.81422058487
      },
      "return_pct": {
        "p1": 122.99443262963084,
        "p5": 221.2903333027873,
        "p25": 431.05088536429906,
        "p50": 658.1582780415201,
        "p75": 982.0263110651828,
        "p95": 1732.5227158633697,
        "p99": 2549.748142205849
      },
      "max_drawdown_pct": {
        "p1": -36.70722104161701,
        "p5": -30.24052252103845,
        "p25": -22.54060081818787,
        "p50": -18.53309566532902,
        "p75": -15.389380157972221,
        "p95": -11.982948919824217,
        "p99": -10.208899389111076
      },
      "loss_probability_pct": 0.004,
      "prob_final_above_50k_pct": 78.45,
      "prob_final_above_100k_pct": 29.798000000000002,
      "active_trade_days": {
        "p1": 237.0,
        "p5": 240.0,
        "p25": 243.0,
        "p50": 245.0,
        "p75": 246.0,
        "p95": 249.0,
        "p99": 250.0
      }
    },
    "github_looped_auto_window_conservative": {
      "entry_capture_prob": 0.9,
      "close_capture_prob": 0.95,
      "extra_cost_bps": 5.0,
      "delayed_close_penalty_bps": 12.0,
      "missed_close_tail_prob": 0.01,
      "missed_close_tail_loss_pct": 1.5,
      "final_equity_tl": {
        "p1": 18997.10165963208,
        "p5": 26710.741484644594,
        "p25": 43822.525622258894,
        "p50": 61684.87759364229,
        "p75": 87839.1401627406,
        "p95": 147981.05205684507,
        "p99": 212224.7880942438
      },
      "return_pct": {
        "p1": 89.97101659632081,
        "p5": 167.10741484644592,
        "p25": 338.22525622258894,
        "p50": 516.848775936423,
        "p75": 778.391401627406,
        "p95": 1379.8105205684508,
        "p99": 2022.247880942438
      },
      "max_drawdown_pct": {
        "p1": -37.27885042334746,
        "p5": -30.414540228620403,
        "p25": -22.60683231632709,
        "p50": -18.521252738480385,
        "p75": -15.327835004017581,
        "p95": -11.812811323276149,
        "p99": -10.025751452645423
      },
      "loss_probability_pct": 0.022000000000000002,
      "prob_final_above_50k_pct": 66.288,
      "prob_final_above_100k_pct": 17.962,
      "active_trade_days": {
        "p1": 215.0,
        "p5": 219.0,
        "p25": 224.0,
        "p50": 227.0,
        "p75": 230.0,
        "p95": 234.0,
        "p99": 237.0
      }
    },
    "github_delayed_conservative": {
      "entry_capture_prob": 0.7,
      "close_capture_prob": 0.85,
      "extra_cost_bps": 8.0,
      "delayed_close_penalty_bps": 25.0,
      "missed_close_tail_prob": 0.025,
      "missed_close_tail_loss_pct": 2.5,
      "final_equity_tl": {
        "p1": 12903.198691519316,
        "p5": 17375.51578195073,
        "p25": 26707.680713021004,
        "p50": 36276.51749344966,
        "p75": 49463.69186587416,
        "p95": 78412.05947011484,
        "p99": 108154.60229148572
      },
      "return_pct": {
        "p1": 29.03198691519315,
        "p5": 73.7551578195073,
        "p25": 167.07680713021006,
        "p50": 262.7651749344966,
        "p75": 394.63691865874165,
        "p95": 684.1205947011484,
        "p99": 981.5460229148572
      },
      "max_drawdown_pct": {
        "p1": -38.43646290939481,
        "p5": -30.962475525065546,
        "p25": -22.688872907951,
        "p50": -18.28096472803434,
        "p75": -14.904217775012995,
        "p95": -11.316346873262214,
        "p99": -9.463285526249088
      },
      "loss_probability_pct": 0.188,
      "prob_final_above_50k_pct": 24.254,
      "prob_final_above_100k_pct": 1.48,
      "active_trade_days": {
        "p1": 159.0,
        "p5": 164.0,
        "p25": 171.0,
        "p50": 176.0,
        "p75": 181.0,
        "p95": 188.0,
        "p99": 193.0
      }
    },
    "github_bad_cron_stress": {
      "entry_capture_prob": 0.45,
      "close_capture_prob": 0.7,
      "extra_cost_bps": 12.0,
      "delayed_close_penalty_bps": 40.0,
      "missed_close_tail_prob": 0.05,
      "missed_close_tail_loss_pct": 4.0,
      "final_equity_tl": {
        "p1": 8186.657648256835,
        "p5": 10369.146427503536,
        "p25": 14675.408469364367,
        "p50": 18750.806785828285,
        "p75": 24170.645393520306,
        "p95": 35186.88549700433,
        "p99": 46946.69860836553
      },
      "return_pct": {
        "p1": -18.133423517431645,
        "p5": 3.69146427503535,