{
  "initial_capital_tl": 10000.0,
  "horizon_trading_days": 252,
  "mc_paths": 50000,
  "source_daily_file": "current_bot_equity_curve.csv",
  "note": "Operational MC applies GitHub scheduling, missed-entry, delayed-close, and extra execution-cost haircuts to the fixed strategy daily return distribution.",
  "scenarios": {
    "ideal_local_or_vps_exact_windows": {
      "entry_capture_prob": 1.0,
      "close_capture_prob": 1.0,
      "extra_cost_bps": 0.0,
      "delayed_close_penalty_bps": 0.0,
      "missed_close_tail_prob": 0.0,
      "missed_close_tail_loss_pct": 0.0,
      "final_equity_tl": {
        "p1": 25551.014512537018,
        "p5": 36521.93895775237,
        "p25": 60828.752907664806,
        "p50": 87457.40528863981,
        "p75": 125575.71567338682,
        "p95": 215920.0321572174,
        "p99": 320043.4791562616
      },
      "return_pct": {
        "p1": 155.5101451253702,
        "p5": 265.21938957752366,
        "p25": 508.28752907664807,
        "p50": 774.5740528863981,
        "p75": 1155.7571567338682,
        "p95": 2059.2003215721743,
        "p99": 3100.4347915626163
      },
      "max_drawdown_pct": {
        "p1": -36.326404495692536,
        "p5": -29.588904243129267,
        "p25": -22.145972942690477,
        "p50": -18.213708716405293,
        "p75": -15.19457563875456,
        "p95": -11.822719006390251,
        "p99": -10.107147377982185
      },
      "loss_probability_pct": 0.002,
      "prob_final_above_50k_pct": 84.99600000000001,
      "prob_final_above_100k_pct": 39.952,
      "active_trade_days": {
        "p1": 252.0,
        "p5": 252.0,
        "p25": 252.0,
        "p50": 252.0,
        "p75": 252.0,
        "p95": 252.0,
        "p99": 252.0
      }
    },
    "github_frequent_checks_base": {
      "entry_capture_prob": 0.9,
      "close_capture_prob": 0.95,
      "extra_cost_bps": 4.0,
      "delayed_close_penalty_bps": 12.0,
      "missed_close_tail_prob": 0.01,
      "missed_close_tail_loss_pct": 1.5,
      "final_equity_tl": {
        "p1": 19782.10184557457,
        "p5": 27583.781464528187,
        "p25": 44752.30732959408,
        "p50": 62835.30262318291,
        "p75": 88988.80803923555,
        "p95": 148849.37024572527,
        "p99": 214479.16116428754
      },
      "return_pct": {
        "p1": 97.82101845574569,
        "p5": 175.83781464528187,
        "p25": 347.5230732959408,
        "p50": 528.3530262318292,
        "p75": 789.8880803923555,
        "p95": 1388.4937024572525,
        "p99": 2044.7916116428753
      },
      "max_drawdown_pct": {
        "p1": -37.07486050727486,
        "p5": -30.2027427808393,
        "p25": -22.484964904836325,
        "p50": -18.411492256198763,
        "p75": -15.208331590062436,
        "p95": -11.803214360879076,
        "p99": -9.965499238553635
      },
      "loss_probability_pct": 0.012,
      "prob_final_above_50k_pct": 67.54,
      "prob_final_above_100k_pct": 18.494,
      "active_trade_days": {
        "p1": 215.0,
        "p5": 219.0,
        "p25": 224.0,
        "p50": 227.0,
        "p75": 230.0,
        "p95": 234.0,
        "p99": 237.0
      }
    },
    "github_delayed_conservative": {
      "entry_capture_prob": 0.7,
      "close_capture_prob": 0.85,
      "extra_cost_bps": 8.0,
      "delayed_close_penalty_bps": 25.0,
      "missed_close_tail_prob": 0.025,
      "missed_close_tail_loss_pct": 2.5,
      "final_equity_tl": {
        "p1": 13007.244672973355,
        "p5": 17426.52375531669,
        "p25": 26861.45516460073,
        "p50": 36252.947211525796,
        "p75": 49537.793259483005,
        "p95": 78338.67452568469,
        "p99": 107487.24733572538
      },
      "return_pct": {
        "p1": 30.07244672973355,
        "p5": 74.26523755316691,
        "p25": 168.61455164600733,
        "p50": 262.529472115258,
        "p75": 395.37793259483004,
        "p95": 683.386745256847,
        "p99": 974.8724733572537
      },
      "max_drawdown_pct": {
        "p1": -38.05911583631261,
        "p5": -31.005385853068592,
        "p25": -22.606930875925745,
        "p50": -18.283623070731803,
        "p75": -14.920981773611057,
        "p95": -11.260017153211743,
        "p99": -9.428410741849698
      },
      "loss_probability_pct": 0.166,
      "prob_final_above_50k_pct": 24.39,
      "prob_final_above_100k_pct": 1.526,
      "active_trade_days": {
        "p1": 159.0,
        "p5": 164.0,
        "p25": 172.0,
        "p50": 176.0,
        "p75": 181.0,
        "p95": 188.0,
        "p99": 193.0
      }
    },
    "github_bad_cron_stress": {
      "entry_capture_prob": 0.45,
      "close_capture_prob": 0.7,
      "extra_cost_bps": 12.0,
      "delayed_close_penalty_bps": 40.0,
      "missed_close_tail_prob": 0.05,
      "missed_close_tail_loss_pct": 4.0,
      "final_equity_tl": {
        "p1": 8146.739568720067,
        "p5": 10364.85293038441,
        "p25": 14680.047846152733,
        "p50": 18843.207741229926,
        "p75": 24162.736844622385,
        "p95": 35261.34413746674,
        "p99": 46539.14897388021
      },
      "return_pct": {
        "p1": -18.53260431279933,
        "p5": 3.6485293038440947,
        "p25": 46.80047846152733,
        "p50": 88.43207741229926,
        "p75": 141.62736844622384,
        "p95": 252.61344137466736,
        "p99": 365.39148973880214
      },
      "max_drawdown_pct": {
        "p1": -41.77402416890932,
        "p5": -33.47608012935715,
        "p25": -23.72049459113911,
        "p50": -18.621967749683133,
        "p75": -14.70518327388455,
        "p95": -10.718619084196863,
        "p99": -8.609239697142415
      },
      "loss_probability_pct": 4.042,
      "prob_final_above_50k_pct": 0.582,
      "prob_final_above_100k_pct": 0.0,
      "active_trade_days": {
        "p1": 95.0,
        "p5": 100.0,
        "p25": 108.0,
        "p50": 113.0,
        "p75": 119.0,
        "p95": 126.0,
        "p99": 132.0
      }
    }
  }
}